{
    "total_distance": 0.05776658471278305,
    "max_velocity": 0.04433982100152749,
    "max_velocity_frame": 41,
    "fls_id": 0
}