Frame,FLS0
1,"[7.06509, -23.1953, 20.45225]"
2,"[7.07724, -23.18189, 20.44654]"
3,"[7.11316, -23.14271, 20.42943]"
4,"[7.17232, -23.0796, 20.40063]"
5,"[7.25446, -22.9947, 20.35951]"
6,"[7.35949, -22.89048, 20.30519]"
7,"[7.48732, -22.76965, 20.23662]"
8,"[7.63777, -22.6352, 20.15266]"
9,"[7.81044, -22.49027, 20.05216]"
10,"[8.0046, -22.33818, 19.93405]"
11,"[8.2191, -22.18227, 19.79738]"
