Frame,FLS0
1,0.01953786925873658
2,0.018993468271024584
3,0.05585664256481461
4,0.09119226173448836
5,0.12510113593274452
6,0.15763843062514166
7,0.18881087056846388
8,0.21857668595033775
9,0.24684809893304976
10,0.2734961859852018
11,0.2983579307326956
